iso,country,pacovw_2012,biome_1,biome_2,biome_3,biome_4,biome_5,biome_6,biome_7,biome_8,biome_9,biome_10,biome_11,biome_12,biome_13,biome_14,share_1,share_2,share_3,share_4,share_5,share_6,share_7,share_8,share_9,share_10,share_11,share_12,share_13,share_14
AZE,Azerbaijan,11.71210852,-1,-1,-1,0.15,-1,-1,-1,0.35,-1,-1,-1,-1,0.07,-1,-1,-1,-1,0.0023234335292548,-1,-1,-1,0.000515596214844858,-1,-1,-1,-1,0.00181415269868609,-1
BLR,Belarus,7.012595595,-1,-1,-1,0.07,-1,-1,-1,-1,-1,-1,-1,-1,-1,-1,-1,-1,-1,0.016203041704974,-1,-1,-1,-1,-1,-1,-1,-1,-1,-1
CYP,Cyprus,17,-1,-1,-1,-1,-1,-1,-1,-1,-1,-1,-1,0.37,-1,-1,-1,-1,-1,-1,-1,-1,-1,-1,-1,-1,-1,0.0028810784716221,-1,-1
IRN,Iran,5.846246329,-1,-1,-1,0.06,0.1,-1,-1,0.04,0.04,0.02,-1,-1,0.08,-1,-1,-1,-1,0.0314338223907599,0.0154820122483877,-1,-1,0.0063544003072034,0.00658334475637797,0.0302322517147657,-1,-1,0.0334939027499142,-1
LTU,Lithuania,14.91754826,-1,-1,-1,0.15,-1,-1,-1,-1,-1,-1,-1,-1,-1,-1,-1,-1,-1,0.00505245259865068,-1,-1,-1,-1,-1,-1,-1,-1,-1,-1
MWI,Malawi,12.39099623,-1,-1,-1,-1,-1,-1,0.17,-1,0.04,0.27,-1,-1,-1,-1,-1,-1,-1,-1,-1,-1,0.00343494859898221,-1,0.0040641261669633,0.00423488505019414,-1,-1,-1,-1
ESP,Spain,7.83896071,-1,-1,-1,0.14,-1,-1,-1,-1,-1,-1,-1,0.08,-1,-1,-1,-1,-1,0.00586975785970257,-1,-1,-1,-1,-1,-1,-1,0.133813485578025,-1,-1
SUR,Suriname,14.26239006,0.1,-1,-1,-1,-1,-1,0.99,-1,-1,-1,-1,-1,-1,0.57,0.00724118445683693,-1,-1,-1,-1,-1,2.62252219993032e-05,-1,-1,-1,-1,-1,-1,0.0125048027983045
KHM,Cambodia,17,0.3,0.23,-1,-1,-1,-1,-1,-1,-1,-1,-1,-1,-1,0.53,0.00319756685589011,0.0392401997515742,-1,-1,-1,-1,-1,-1,-1,-1,-1,-1,-1,0.00301514694328952
DNK,Denmark,12.7062798,-1,-1,-1,0.13,-1,-1,-1,-1,-1,-1,-1,-1,-1,-1,-1,-1,-1,0.00335621466776059,-1,-1,-1,-1,-1,-1,-1,-1,-1,-1
MLT,Malta,17,-1,-1,-1,-1,-1,-1,-1,-1,-1,-1,-1,0.21,-1,-1,-1,-1,-1,-1,-1,-1,-1,-1,-1,-1,-1,0.00010116077491945,-1,-1
POL,Poland,17,-1,-1,-1,0.22,0.36,-1,-1,-1,-1,-1,-1,-1,-1,-1,-1,-1,-1,0.0227933921815054,0.00470541724550838,-1,-1,-1,-1,-1,-1,-1,-1,-1
SWZ,Swaziland,2.960385718,0.09,-1,-1,-1,-1,-1,0.01,-1,-1,0.03,-1,-1,-1,-1,0.00015774841361065,-1,-1,-1,-1,-1,0.000337298538994422,-1,-1,0.00149352220006866,-1,-1,-1,-1
ASM,American Samoa,1.626253773,0.02,-1,-1,-1,-1,-1,-1,-1,-1,-1,-1,-1,-1,-1,1.04650627571516e-05,-1,-1,-1,-1,-1,-1,-1,-1,-1,-1,-1,-1,-1
RWA,Rwanda,10.15985719,0.12,-1,-1,-1,-1,-1,0.07,-1,-1,0.26,-1,-1,-1,-1,0.000561575099092356,-1,-1,-1,-1,-1,0.000659384137115513,-1,-1,0.000124031106430297,-1,-1,-1,-1
WLF,Wallis and Futuna Islands,0.197018454,0,-1,-1,-1,-1,-1,-1,-1,-1,-1,-1,-1,-1,-1,7.75886213862825e-06,-1,-1,-1,-1,-1,-1,-1,-1,-1,-1,-1,-1,-1
AUS,Australia,12.06467533,0.38,-1,-1,0.18,-1,-1,0.08,0.03,-1,0.64,-1,0.13,0.15,-1,0.00169686014339458,-1,-1,0.0439756578976764,-1,-1,0.102822325571063,0.0571568176169997,-1,0.00245260905042336,-1,0.249879386959625,0.128027922948991,-1
BRA,Brazil,12.50151107,0.37,0.09,-1,-1,-1,-1,0.11,-1,0.05,-1,-1,-1,0.04,0.56,0.268774817737987,0.0601654620940232,-1,-1,-1,-1,0.104533976653812,-1,0.124975386709231,-1,-1,-1,0.0263071393665399,0.0759992054332966
BRB,Barbados,0.091472478,-1,-1,-1,-1,-1,-1,-1,-1,-1,-1,-1,-1,0,-1,-1,-1,-1,-1,-1,-1,-1,-1,-1,-1,-1,-1,1.56382701192565e-05,-1
CPV,Cape Verde,2.48940266,-1,0.02,-1,-1,-1,-1,-1,-1,-1,-1,-1,-1,-1,-1,-1,0.00136097782716031,-1,-1,-1,-1,-1,-1,-1,-1,-1,-1,-1,-1
LVA,Latvia,17,-1,-1,-1,0.18,-1,-1,-1,-1,-1,-1,-1,-1,-1,-1,-1,-1,-1,0.00502418745479612,-1,-1,-1,-1,-1,-1,-1,-1,-1,-1
PNG,Papua New Guinea,2.128057333,0.02,-1,-1,-1,-1,-1,0.33,-1,-1,0,-1,-1,-1,0.02,0.0222517445219617,-1,-1,-1,-1,-1,0.000885904126369614,-1,-1,0.00118798544127769,-1,-1,-1,0.0171193382826499
PRT,Portugal,8.298664149,-1,-1,-1,0.1,-1,-1,-1,-1,-1,-1,-1,0.08,-1,-1,-1,-1,-1,0.00142475536772382,-1,-1,-1,-1,-1,-1,-1,0.0228756842848265,-1,-1
SEN,Senegal,13.49174066,-1,-1,-1,-1,-1,-1,0.24,-1,-1,-1,-1,-1,-1,0.05,-1,-1,-1,-1,-1,-1,0.00939838016784655,-1,-1,-1,-1,-1,-1,0.00395204831185506
TUV,Tuvalu,3.303303303,0.03,-1,-1,-1,-1,-1,-1,-1,-1,-1,-1,-1,-1,-1,2.03614717974378e-06,-1,-1,-1,-1,-1,-1,-1,-1,-1,-1,-1,-1,-1
VNM,Viet Nam,3.598520656,0.07,0.06,-1,-1,-1,-1,-1,-1,-1,-1,-1,-1,-1,0.01,0.0111841371016937,0.0304172510634922,-1,-1,-1,-1,-1,-1,-1,-1,-1,-1,-1,0.0476288851115658
AGO,Angola,10.60284532,0.08,0,-1,-1,-1,-1,0.11,-1,0.84,-1,-1,-1,0.42,0,0.00523651857869628,0.00102680680140651,-1,-1,-1,-1,0.0522929597920246,-1,0.002932033212311,-1,-1,-1,0.00194928109934588,0.00345463305933612
BIH,Bosnia and Herzegovina,0.424993148,-1,-1,-1,0,-1,-1,-1,-1,-1,-1,-1,-1,-1,-1,-1,-1,-1,0.00362152793526913,-1,-1,-1,-1,-1,-1,-1,-1,-1,-1
CUB,Cuba,9.220790416,0.15,0.02,0.07,-1,-1,-1,-1,-1,0.12,-1,-1,-1,0.06,0.16,0.00108709979453935,0.0217304914580699,0.00854869117845039,-1,-1,-1,-1,-1,0.00514221927421436,-1,-1,-1,0.000114347586134877,0.0256147959867508
COD,Dem. Rep. Congo,10.1579661,0.11,-1,-1,-1,-1,-1,0.09,-1,0,0.73,-1,-1,-1,0.6,0.0582294873686053,-1,-1,-1,-1,-1,0.0565466043598769,-1,0.00213340389021897,0.000150495835767801,-1,-1,-1,0.00204409845203835
GRD,Grenada,0.640767636,0.03,0,-1,-1,-1,-1,-1,-1,-1,-1,-1,-1,0,0,1.13832652641331e-05,2.28977612380505e-05,-1,-1,-1,-1,-1,-1,-1,-1,-1,-1,9.78800002661964e-07,1.38842970662205e-05
HUN,Hungary,5.026107547,-1,-1,-1,0.05,-1,-1,-1,-1,-1,-1,-1,-1,-1,-1,-1,-1,-1,0.0072545306356087,-1,-1,-1,-1,-1,-1,-1,-1,-1,-1
COL,Colombia,13.12807852,0.24,0.03,-1,-1,-1,-1,0.11,-1,-1,0.45,-1,-1,0.34,0.18,0.0437930566053293,0.0261266995252959,-1,-1,-1,-1,0.00737482158432851,-1,-1,0.00317592255938351,-1,-1,0.000991129950229293,0.024573363732154
DJI,Djibouti,0.000871526,-1,-1,-1,-1,-1,-1,-1,-1,-1,-1,-1,-1,0,-1,-1,-1,-1,-1,-1,-1,-1,-1,-1,-1,-1,-1,0.000779637268470335,-1
DMA,Dominica,14.47017751,0.27,-1,-1,-1,-1,-1,-1,-1,-1,-1,-1,-1,0,-1,3.09330297399163e-05,-1,-1,-1,-1,-1,-1,-1,-1,-1,-1,-1,5.41791013530462e-06,-1
FIN,Finland,8.582794381,-1,-1,-1,0.01,-1,0.09,-1,-1,-1,-1,0.79,-1,-1,-1,-1,-1,-1,0.000566346179430501,-1,0.0216430263827711,-1,-1,-1,-1,0.000440840033333235,-1,-1,-1
NLD,Netherlands,17,-1,-1,-1,0.18,-1,-1,-1,-1,-1,-1,-1,-1,-1,-1,-1,-1,-1,0.00272240186383333,-1,-1,-1,-1,-1,-1,-1,-1,-1,-1
ANT,Netherlands Antilles,-99,-1,-1,-1,-1,-1,-1,-1,-1,-1,-1,-1,-1,-1,-1,-1,-1,-1,-1,-1,-1,-1,-1,-1,-1,-1,-1,-1,-1
PER,Peru,11.96556364,0.22,0.06,-1,-1,-1,-1,-1,-1,-1,0.1,-1,-1,0.04,0.05,0.044897392823955,0.0164572680405182,-1,-1,-1,-1,-1,-1,-1,0.0365496904414102,-1,-1,0.0065628357793391,0.00104291691210484
VCT,Saint Vincent and the Grenadines,0.483407676,0.24,0,-1,-1,-1,-1,-1,-1,-1,-1,-1,-1,0,0,9.21259785029216e-06,1.78200288629555e-05,-1,-1,-1,-1,-1,-1,-1,-1,-1,-1,1.60320073508717e-06,0.000431842879245794
WSM,Samoa,6.449858072,0.06,-1,-1,-1,-1,-1,-1,-1,-1,-1,-1,-1,-1,-1,0.000146120566102704,-1,-1,-1,-1,-1,-1,-1,-1,-1,-1,-1,-1,-1
ISL,Iceland,15.55996824,-1,-1,-1,-1,-1,0.14,-1,-1,-1,-1,-1,-1,-1,-1,-1,-1,-1,-1,-1,0.00608912033879668,-1,-1,-1,-1,-1,-1,-1,-1
MEX,Mexico,11.29796765,0.13,0.05,0.12,-1,0.17,-1,0.73,-1,-1,-1,-1,0.02,0.12,0.41,0.0137438370325437,0.123406918529779,0.650434414573348,-1,0.00097860857094332,-1,0.000177711843926467,-1,-1,-1,-1,0.00368813774442655,0.0289430796016955,0.0672561398492385
MSR,Montserrat,1.942379725,0.33,0,-1,-1,-1,-1,-1,-1,-1,-1,-1,-1,0.01,-1,1.5480017848002e-06,1.46708423997044e-05,-1,-1,-1,-1,-1,-1,-1,-1,-1,-1,9.47329633559204e-07,-1
NCL,New Caledonia,17,0.58,0.71,-1,-1,-1,-1,-1,-1,-1,-1,-1,-1,-1,-1,0.000744683124562032,0.00141765656756089,-1,-1,-1,-1,-1,-1,-1,-1,-1,-1,-1,-1
USA,United States of America,10.16842743,0.16,0.15,0.19,0.05,0.14,0.39,0.06,0.02,0.36,-1,0.57,0.12,0.1,-1,0.000676524167767426,0.0022073911565075,0.0159431790857861,0.169746276939707,0.37253121477228,0.0332535955347618,0.00367307760577038,0.238737763236323,0.0183518044147389,-1,0.108258427195083,0.0340621690713095,0.0546786180051903,-1
MNE,Montenegro,13.08986319,-1,-1,-1,0.13,-1,-1,-1,-1,-1,-1,-1,0.13,-1,-1,-1,-1,-1,0.000748177312186894,-1,-1,-1,-1,-1,-1,-1,0.00130326689287629,-1,-1
NGA,Nigeria,9.897919849,0.17,-1,-1,-1,-1,-1,0.12,-1,0.16,0.09,-1,-1,-1,0.06,0.0064379045221207,-1,-1,-1,-1,-1,0.0358568402379114,-1,0.00480817264735017,0.00272655459681006,-1,-1,-1,0.0455123683655227
NOR,Norway,13.31703607,-1,-1,-1,0.03,0.06,0.08,-1,-1,-1,-1,0.23,-1,-1,-1,-1,-1,-1,0.00075839262327408,0.00542021507315821,0.00649426238244013,-1,-1,-1,-1,0.0234740371407209,-1,-1,-1
NFK,Norfolk Island,11.66000726,0.12,-1,-1,-1,-1,-1,-1,-1,-1,-1,-1,-1,-1,-1,1.40278107753619e-06,-1,-1,-1,-1,-1,-1,-1,-1,-1,-1,-1,-1,-1
CYM,Cayman Islands,10.34637525,-1,0.05,-1,-1,-1,-1,-1,-1,-1,-1,-1,-1,-1,0.11,-1,4.59476890489052e-05,-1,-1,-1,-1,-1,-1,-1,-1,-1,-1,-1,0.000393516720611514
CHN,China,13.66981927,0.07,-1,-1,0.07,0.16,0,-1,0.1,0.16,0.39,-1,-1,0.1,-1,0.0780101328966309,-1,-1,0.180978467583447,0.127624395598221,2.14602150314872e-05,-1,0.0631284411029741,0.0997244094832477,0.501224570537704,-1,-1,0.0621039185611533,-1
LCA,Saint Lucia,5.605014769,0.24,0.04,-1,-1,-1,-1,-1,-1,-1,-1,-1,-1,0.01,-1,1.65087919110407e-05,9.00594553172386e-05,-1,-1,-1,-1,-1,-1,-1,-1,-1,-1,7.80679724446864e-07,-1
KNA,Saint Kitts and Nevis,0.101599546,0,-1,-1,-1,-1,-1,-1,-1,-1,-1,-1,-1,0.56,0,3.24733883295973e-06,-1,-1,-1,-1,-1,-1,-1,-1,-1,-1,-1,5.49300987975439e-07,0.000521087291675402
GMB,Gambia,5.888682481,-1,-1,-1,-1,-1,-1,0.04,-1,-1,-1,-1,-1,-1,0.06,-1,-1,-1,-1,-1,-1,0.000475289036450652,-1,-1,-1,-1,-1,-1,0.00271524612665916
GNB,Guinea-Bissau,16.89104793,-1,-1,-1,-1,-1,-1,0.15,-1,-1,-1,-1,-1,-1,0.2,-1,-1,-1,-1,-1,-1,0.0012046760145975,-1,-1,-1,-1,-1,-1,0.0246212851772757
GUF,French Guiana,17,0.48,-1,-1,-1,-1,-1,-1,-1,-1,-1,-1,-1,-1,0.42,0.00413671324613719,-1,-1,-1,-1,-1,-1,-1,-1,-1,-1,-1,-1,0.00637533928891779
MHL,Marshall Islands,1.76136225,0.02,-1,-1,-1,-1,-1,-1,-1,-1,-1,-1,-1,-1,-1,2.08868140752946e-05,-1,-1,-1,-1,-1,-1,-1,-1,-1,-1,-1,-1,-1
NRU,Nauru,-99,-1,-1,-1,-1,-1,-1,-1,-1,-1,-1,-1,-1,-1,-1,-1,-1,-1,-1,-1,-1,-1,-1,-1,-1,-1,-1,-1,-1
TCA,Turks and Caicos Islands,16.94880747,-1,-1,0.17,-1,-1,-1,-1,-1,-1,-1,-1,-1,-1,0.56,-1,-1,0.000457396074146524,-1,-1,-1,-1,-1,-1,-1,-1,-1,-1,0.00183017030258832
ETH,Ethiopia,14.09901534,-1,-1,-1,-1,-1,-1,0.21,-1,0,0.12,-1,-1,0.17,-1,-1,-1,-1,-1,-1,-1,0.0386486921499394,-1,0.000676000113975386,0.0537056322831428,-1,-1,0.00232134454471288,-1
PRI,Puerto Rico,13.93208565,0.05,0.22,-1,-1,-1,-1,-1,-1,-1,-1,-1,-1,-1,0.23,0.000382083833553066,0.000421895054975401,-1,-1,-1,-1,-1,-1,-1,-1,-1,-1,-1,0.000674007015006726
SVN,Slovenia,17,-1,-1,-1,0.53,0.54,-1,-1,-1,-1,-1,-1,0.61,-1,-1,-1,-1,-1,0.00116712757870413,0.000920086511660074,-1,-1,-1,-1,-1,-1,0.000477697456203822,-1,-1
ABW,Aruba,0.037547859,-1,-1,-1,-1,-1,-1,-1,-1,-1,-1,-1,-1,0,0,-1,-1,-1,-1,-1,-1,-1,-1,-1,-1,-1,-1,8.41474755668104e-07,0.000438496344374557
BEN,Benin,16.7935989,0.01,-1,-1,-1,-1,-1,0.24,-1,-1,-1,-1,-1,-1,-1,7.39443459534678e-05,-1,-1,-1,-1,-1,0.0054917977827591,-1,-1,-1,-1,-1,-1,-1
GRL,Greenland,17,-1,-1,-1,-1,-1,-1,-1,-1,-1,-1,0.45,-1,-1,-1,-1,-1,-1,-1,-1,-1,-1,-1,-1,-1,0.0579326219552456,-1,-1,-1
COK,Cook Islands,1.300628492,0.01,-1,-1,-1,-1,-1,-1,-1,-1,-1,-1,-1,-1,-1,1.16747257713437e-05,-1,-1,-1,-1,-1,-1,-1,-1,-1,-1,-1,-1,-1
HTI,Haiti,0.469009431,0,0,0.01,-1,-1,-1,-1,-1,0,-1,-1,-1,-1,0,0.000873011861066359,0.00197487070935584,0.00457353924300957,-1,-1,-1,-1,-1,0.000191304115262055,-1,-1,-1,-1,0.00171876600216787
VAT,Holy See,-99,-1,-1,-1,-1,-1,-1,-1,-1,-1,-1,-1,-1,-1,-1,-1,-1,-1,-1,-1,-1,-1,-1,-1,-1,-1,-1,-1,-1
KEN,Kenya,11.85976402,0.18,-1,-1,-1,-1,-1,0.14,-1,0.65,0.57,-1,-1,0.05,0.06,0.00389848402610716,-1,-1,-1,-1,-1,0.0194528859274547,-1,0.000103918734674993,0.000355797916689489,-1,-1,0.00342865701816644,0.0083325027957613
MAR,Morocco,2.113997473,-1,-1,-1,-1,0.2,-1,-1,-1,0,0.07,-1,0.01,0.05,-1,-1,-1,-1,-1,0.00267932046024806,-1,-1,-1,0.00032396264726345,0.00129472767226396,-1,0.0956598507278727,0.0124702217309548,-1
PAK,Pakistan,8.688930992,-1,-1,0.05,0.07,0.04,-1,-1,-1,0.25,0.02,-1,-1,0.11,0.38,-1,-1,0.0123478394087512,0.000200795513273686,0.00577754195757939,-1,-1,-1,0.00290955149446582,0.00960610923374663,-1,-1,0.0253055254919855,0.00846568207296679
FRO,Faeroe Islands,-99,-1,-1,-1,-1,-1,-1,-1,-1,-1,-1,-1,-1,-1,-1,-1,-1,-1,-1,-1,-1,-1,-1,-1,-1,-1,-1,-1,-1
SGP,Singapore,4.839454667,0.05,-1,-1,-1,-1,-1,-1,-1,-1,-1,-1,-1,-1,-1,3.41982026948207e-05,-1,-1,-1,-1,-1,-1,-1,-1,-1,-1,-1,-1,-1
PSE,State of Palestine,0,-1,-1,-1,-1,-1,-1,-1,-1,-1,-1,-1,0,0,-1,-1,-1,-1,-1,-1,-1,-1,-1,-1,-1,-1,0.00157522487018918,4.14436151656886e-05,-1
SJM,Svalbard and Jan Mayen Islands,17,-1,-1,-1,-1,-1,-1,-1,-1,-1,-1,0.65,-1,-1,-1,-1,-1,-1,-1,-1,-1,-1,-1,-1,-1,0.00734499026020217,-1,-1,-1
MAC,Macao,-99,-1,-1,-1,-1,-1,-1,-1,-1,-1,-1,-1,-1,-1,-1,-1,-1,-1,-1,-1,-1,-1,-1,-1,-1,-1,-1,-1,-1
NZL,New Zealand,14.32588173,-1,-1,-1,0.29,-1,-1,-1,0.03,-1,0.42,0.82,-1,-1,-1,-1,-1,-1,0.0136901126334067,-1,-1,-1,0.0052756352135013,-1,0.00822912119411927,8.66467066411133e-05,-1,-1,-1
NIC,Nicaragua,15.62423295,0.52,0.1,0.16,-1,-1,-1,-1,-1,-1,-1,-1,-1,-1,0.62,0.00353009374092958,0.00809817268587789,0.0316005119688842,-1,-1,-1,-1,-1,-1,-1,-1,-1,-1,0.0126043573323179
NER,Niger,11.87083573,-1,-1,-1,-1,-1,-1,0.09,-1,0,-1,-1,-1,0.21,-1,-1,-1,-1,-1,-1,-1,0.0266233272107762,-1,0.00285548788206258,-1,-1,-1,0.0225731314364725,-1
PRY,Paraguay,5.348540446,0.03,-1,-1,-1,-1,-1,0.06,-1,0.06,-1,-1,-1,-1,-1,0.00440095633552843,-1,-1,-1,-1,-1,0.0150059323417939,-1,0.00191251281403261,-1,-1,-1,-1,-1
RUS,Russia,10.92783815,-1,-1,-1,0.08,0.13,0.09,-1,0.05,0.08,0.21,0.16,-1,0.13,-1,-1,-1,-1,0.132404187362062,0.108048739909553,0.607032448475745,-1,0.148311703863029,0.0811281847065873,0.0176770173276964,0.449762853717666,-1,0.00386667556243405,-1
TUR,Turkey,2.437886355,-1,-1,-1,0.02,0.02,-1,-1,0.01,-1,-1,-1,0.03,-1,-1,-1,-1,-1,0.0238551774371756,0.0247877448518107,-1,-1,0.0104501819804857,-1,-1,-1,0.0834784136177936,-1,-1
ZMB,Zambia,17,-1,0.2,-1,-1,-1,-1,0.36,-1,0.44,0.23,-1,-1,-1,-1,-1,0.0116464490659976,-1,-1,-1,-1,0.0304702978352762,-1,0.074731589422472,0.000270430651709413,-1,-1,-1,-1
ALB,Albania,9.700232103,-1,-1,-1,0.14,-1,-1,-1,-1,-1,-1,-1,0.1,-1,-1,-1,-1,-1,0.000201387004053923,-1,-1,-1,-1,-1,-1,-1,0.00819415303437399,-1,-1
BOL,Bolivia,15.58845592,0.17,0.14,-1,-1,-1,-1,0.21,-1,0.54,-1,-1,-1,-1,-1,0.0286334200957761,0.0786379282936594,-1,-1,-1,-1,0.0122358411616124,-1,0.0294515696064956,-1,-1,-1,-1,-1
GUM,Guam,17,-1,0.27,-1,-1,-1,-1,-1,-1,-1,-1,-1,-1,-1,-1,-1,0.000182510572202682,-1,-1,-1,-1,-1,-1,-1,-1,-1,-1,-1,-1
SLV,El Salvador,0.67730783,0.04,0.01,0.01,-1,-1,-1,-1,-1,-1,-1,-1,-1,-1,0.01,5.1171191322765e-05,0.00272721863295827,0.0147767664094056,-1,-1,-1,-1,-1,-1,-1,-1,-1,-1,0.00191751765264651
DEU,Germany,17,-1,-1,-1,0.44,0.54,-1,-1,-1,-1,-1,-1,-1,-1,-1,-1,-1,-1,0.0275926929688612,0.000842673215199153,-1,-1,-1,-1,-1,-1,-1,-1,-1
MDG,Madagascar,3.072160179,0.03,0.03,-1,-1,-1,-1,-1,-1,-1,0.11,-1,-1,0.02,0.01,0.0159028220774182,0.0504528053786623,-1,-1,-1,-1,-1,-1,-1,0.000261179318359719,-1,-1,0.00441803321055392,0.0147364904758534
PHL,Philippines,12.96136691,0.11,-1,0.16,-1,-1,-1,-1,-1,-1,-1,-1,-1,-1,-1,0.0147918668518193,-1,0.00996388629331701,-1,-1,-1,-1,-1,-1,-1,-1,-1,-1,-1
BMU,Bermuda,5.476381105,-1,-1,0.05,-1,-1,-1,-1,-1,-1,-1,-1,-1,-1,-1,-1,-1,8.77419285223481e-05,-1,-1,-1,-1,-1,-1,-1,-1,-1,-1,-1
CAF,Central African Republic,16.49336963,0.29,-1,-1,-1,-1,-1,0.16,-1,-1,-1,-1,-1,-1,-1,0.00333303026026501,-1,-1,-1,-1,-1,0.0268076707917139,-1,-1,-1,-1,-1,-1,-1
CHL,Chile,8.056814886,-1,-1,-1,0.32,-1,-1,-1,0.12,-1,0.09,-1,0.01,0.01,-1,-1,-1,-1,0.0267800689125463,-1,-1,-1,0.00283513676260918,-1,0.0233068565680825,-1,0.046100527701262,0.00382629729078605,-1
IRL,Ireland,1.761580939,-1,-1,-1,0.02,-1,-1,-1,-1,-1,-1,-1,-1,-1,-1,-1,-1,-1,0.00547012702423693,-1,-1,-1,-1,-1,-1,-1,-1,-1,-1
MYT,Mayotte,5.78845861,0.06,-1,-1,-1,-1,-1,-1,-1,-1,-1,-1,-1,-1,-1,2.00791831243702e-05,-1,-1,-1,-1,-1,-1,-1,-1,-1,-1,-1,-1,-1
PRK,North Korea,2.163897075,-1,-1,-1,0.02,-1,-1,-1,-1,-1,-1,-1,-1,-1,-1,-1,-1,-1,0.0095732829601265,-1,-1,-1,-1,-1,-1,-1,-1,-1,-1
ZAF,South Africa,7.245041357,0.12,-1,-1,-1,-1,-1,0.19,-1,-1,0.03,-1,0.19,0.03,0.13,0.00153098701337227,-1,-1,-1,-1,-1,0.00813571231135144,-1,-1,0.0780829262593661,-1,0.0297335014975104,0.0194861110234004,0.00241375067789049
JOR,Jordan,1.274968281,-1,-1,-1,-1,-1,-1,-1,0.01,-1,-1,-1,0.01,0.02,-1,-1,-1,-1,-1,-1,-1,-1,0.00114276052235514,-1,-1,-1,0.00296127884315347,0.00247711500417927,-1
SSD,South Sudan,-99,1,-1,-1,-1,-1,-1,1,-1,1,-1,-1,-1,-1,-1,1.10520601423029e-05,-1,-1,-1,-1,-1,0.0023699909311512,-1,0.0238289994629894,-1,-1,-1,-1,-1
TZA,Tanzania,16.9530913,0.26,-1,-1,0.27,-1,-1,0.33,-1,0.4,0.16,-1,-1,-1,0.38,0.0056357323411504,-1,-1,4.7131983016274e-07,-1,-1,0.0348205297552023,-1,0.0314450730823441,0.00442454860378204,-1,-1,-1,0.014399363246891
URY,Uruguay,0.456422255,0.67,-1,-1,-1,-1,-1,0,0.02,0,-1,-1,-1,-1,-1,1.68150292621483e-08,-1,-1,-1,-1,-1,0.00847157849108977,2.39724256565122e-05,3.29756153158725e-06,-1,-1,-1,-1,-1
SYR,Syria,0.556911184,-1,-1,-1,-1,-1,-1,-1,0.01,-1,-1,-1,0,0,-1,-1,-1,-1,-1,-1,-1,-1,0.00811353566478968,-1,-1,-1,0.0156201280650872,0.00195200257103761,-1
VEN,Venezuela,17,0.72,0.35,-1,-1,-1,-1,0.25,-1,0.39,0.78,-1,-1,0.5,0.62,0.0240816283618491,0.0301942277952649,-1,-1,-1,-1,0.0113988842911479,-1,0.00548719704427718,0.000631799768261749,-1,-1,0.00334894722226095,0.0350347829135166
MUS,Mauritius,4.813846704,0.05,-1,-1,-1,-1,-1,-1,-1,-1,-1,-1,-1,-1,-1,0.000102537029347898,-1,-1,-1,-1,-1,-1,-1,-1,-1,-1,-1,-1,-1
SAU,Saudi Arabia,17,-1,-1,-1,-1,-1,-1,-1,-1,-1,-1,-1,-1,0.3,-1,-1,-1,-1,-1,-1,-1,-1,-1,-1,-1,-1,-1,0.0701144453195118,-1
ZWE,Zimbabwe,16.82391738,-1,-1,-1,-1,-1,-1,0.28,-1,-1,0.14,-1,-1,-1,-1,-1,-1,-1,-1,-1,-1,0.0185103124690566,-1,-1,0.0014001479927738,-1,-1,-1,-1
BHS,Bahamas,13.90165581,-1,-1,0.12,-1,-1,-1,-1,-1,-1,-1,-1,-1,-1,0.15,-1,-1,0.00939944366137837,-1,-1,-1,-1,-1,-1,-1,-1,-1,-1,0.0185771619809455
SLB,Solomon Islands,1.436399461,0.01,-1,-1,-1,-1,-1,-1,-1,-1,-1,-1,-1,-1,-1,0.00145751450733082,-1,-1,-1,-1,-1,-1,-1,-1,-1,-1,-1,-1,-1
AND,Andorra,5.715822308,-1,-1,-1,0.06,-1,-1,-1,-1,-1,-1,-1,-1,-1,-1,-1,-1,-1,3.62736793131042e-05,-1,-1,-1,-1,-1,-1,-1,-1,-1,-1
ESH,Western Sahara,-99,-1,-1,-1,-1,-1,-1,-1,-1,-1,-1,-1,-1,-1,-1,-1,-1,-1,-1,-1,-1,-1,-1,-1,-1,-1,-1,-1,-1
AUT,Austria,15.97911542,-1,-1,-1,0.12,0.31,-1,-1,-1,-1,-1,-1,-1,-1,-1,-1,-1,-1,0.00275368298640243,0.0118643244579776,-1,-1,-1,-1,-1,-1,-1,-1,-1
CAN,Canada,9.860954752,-1,-1,-1,0.06,0.15,0.07,-1,0.01,-1,-1,0.11,-1,-1,-1,-1,-1,-1,0.0517899362350934,0.191199488471103,0.305606201709448,-1,0.0678198145142424,-1,-1,0.346189271510169,-1,-1,-1
IDN,Indonesia,14.80760435,0.14,0.12,0.5,-1,-1,-1,0.28,-1,-1,0.68,-1,-1,-1,0.15,0.0889507302863258,0.0229503678686441,0.00388659510990418,-1,-1,-1,0.000398985445644098,-1,-1,0.00199570130216954,-1,-1,-1,0.177972906375161
ITA,Italy,10.74093356,-1,-1,-1,0.1,0.12,-1,-1,-1,-1,-1,-1,0.1,-1,-1,-1,-1,-1,0.00462711844549344,0.0127728154564728,-1,-1,-1,-1,-1,-1,0.058711963237698,-1,-1
LAO,Laos,16.47581725,0.16,0.2,-1,-1,-1,-1,-1,-1,-1,-1,-1,-1,-1,-1,0.00964950479379593,0.0138348524805943,-1,-1,-1,-1,-1,-1,-1,-1,-1,-1,-1,-1
AIA,Anguilla,3.64659889,-1,0,-1,-1,-1,-1,-1,-1,-1,-1,-1,-1,0.05,-1,-1,1.27026008601725e-06,-1,-1,-1,-1,-1,-1,-1,-1,-1,-1,2.85843932089042e-06,-1
KWT,Kuwait,17,-1,-1,-1,-1,-1,-1,-1,-1,-1,-1,-1,-1,0.18,-1,-1,-1,-1,-1,-1,-1,-1,-1,-1,-1,-1,-1,0.000623391177289103,-1
NAM,Namibia,17,-1,-1,-1,-1,-1,-1,0.42,-1,0.96,-1,-1,-1,0.43,-1,-1,-1,-1,-1,-1,-1,0.0116333225504088,-1,0.00958576542160217,-1,-1,-1,0.0205779246976887,-1
VIR,United States Virgin Islands,15.69376769,0.14,-1,-1,-1,-1,-1,-1,-1,-1,-1,-1,-1,0.14,0.33,5.65698348085971e-06,-1,-1,-1,-1,-1,-1,-1,-1,-1,-1,-1,9.0105388626492e-06,1.66061691643509e-05
VUT,Vanuatu,4.137046428,0.04,-1,-1,-1,-1,-1,-1,-1,-1,-1,-1,-1,-1,-1,0.000630835185530462,-1,-1,-1,-1,-1,-1,-1,-1,-1,-1,-1,-1,-1
PLW,Palau,11.20608972,0.11,-1,-1,-1,-1,-1,-1,-1,-1,-1,-1,-1,-1,-1,2.44994976349501e-05,-1,-1,-1,-1,-1,-1,-1,-1,-1,-1,-1,-1,-1
SRB,Serbia,16.84972592,-1,-1,-1,0.88,-1,-1,-1,-1,-1,-1,-1,0,-1,-1,-1,-1,-1,0.00686912289044833,-1,-1,-1,-1,-1,-1,-1,6.12621911395934e-05,-1,-1
SDN,Sudan,0.477189732,0,-1,-1,-1,-1,-1,0.02,-1,0,0,-1,-1,0,-1,0.000291159365322876,-1,-1,-1,-1,-1,0.0738170611883737,-1,0.139563580302109,0.000116466840926291,-1,-1,0.0262793463815904,-1
BGR,Bulgaria,17,-1,-1,-1,0.21,-1,-1,-1,0.19,-1,-1,-1,0.43,-1,-1,-1,-1,-1,0.00864053555391853,-1,-1,-1,5.23091433569406e-05,-1,-1,-1,6.41683613045285e-05,-1,-1
CRI,Costa Rica,15.1776867,0.22,0.09,-1,-1,-1,-1,0.16,-1,-1,-1,-1,-1,-1,0.37,0.0022198630939986,0.00204963742410626,-1,-1,-1,-1,1.83769869728614e-06,-1,-1,-1,-1,-1,-1,0.00454241962057378
CZE,Czech Republic,16.72958063,-1,-1,-1,0.17,0.65,-1,-1,-1,-1,-1,-1,-1,-1,-1,-1,-1,-1,0.00603105068462803,0.000363931614492986,-1,-1,-1,-1,-1,-1,-1,-1,-1
FLK,Falkland Islands,0.248273515,-1,-1,-1,-1,-1,-1,-1,0,-1,-1,0,-1,-1,-1,-1,-1,-1,-1,-1,-1,-1,0.00122150585251563,-1,-1,0.000468970772730185,-1,-1,-1
COM,Comoros,0,0,-1,-1,-1,-1,-1,-1,-1,-1,-1,-1,-1,-1,-1,8.57739738125598e-05,-1,-1,-1,-1,-1,-1,-1,-1,-1,-1,-1,-1,-1
REU,Reunion,17,0.77,-1,-1,-1,-1,-1,-1,-1,-1,-1,-1,-1,-1,-1,0.000128663508450546,-1,-1,-1,-1,-1,-1,-1,-1,-1,-1,-1,-1,-1
LKA,Sri Lanka,16.51330114,0.08,0.26,-1,-1,-1,-1,-1,-1,-1,-1,-1,-1,0.09,-1,0.000798593127469162,0.0159252341585534,-1,-1,-1,-1,-1,-1,-1,-1,-1,-1,8.76095737859447e-05,-1
SWE,Sweden,8.552116517,-1,-1,-1,0.04,-1,0.09,-1,-1,-1,-1,0.44,-1,-1,-1,-1,-1,-1,0.0102588886632051,-1,0.0173184101081495,-1,-1,-1,-1,0.00604134070820956,-1,-1,-1
TJK,Tajikistan,5.769485866,-1,-1,-1,-1,-1,-1,-1,0.02,-1,0.04,-1,-1,0.05,-1,-1,-1,-1,-1,-1,-1,-1,0.00651536636543008,-1,0.0132116220981898,-1,-1,0.000141960689315564,-1
MNP,Northern Mariana Islands,3.218607318,-1,0.03,-1,-1,-1,-1,-1,-1,-1,-1,-1,-1,-1,-1,-1,0.000161564512659293,-1,-1,-1,-1,-1,-1,-1,-1,-1,-1,-1,-1
AFG,Afghanistan,0.76946809,-1,-1,-1,-1,0,-1,-1,0,-1,0.01,-1,-1,0,-1,-1,-1,-1,-1,0.00317537353459902,-1,-1,0.000352423759030088,-1,0.0224700464367974,-1,-1,0.018439243115694,-1
ARG,Argentina,6.102405987,0.1,-1,-1,0.31,-1,-1,0.04,0.02,0.04,0.17,-1,-1,-1,-1,0.00382497228499744,-1,-1,0.00572974153558707,-1,-1,0.0313345338102872,0.157369065937983,0.0584564927018951,0.067199906584993,-1,-1,-1,-1
HRV,Croatia,9.380273608,-1,-1,-1,0.15,-1,-1,-1,-1,-1,-1,-1,0.06,-1,-1,-1,-1,-1,0.00329391539411704,-1,-1,-1,-1,-1,-1,-1,0.00604157729560172,-1,-1
ECU,Ecuador,13.00429631,0.24,0.04,-1,-1,-1,-1,-1,-1,0.03,0.42,-1,-1,0.96,0.16,0.0102683264052381,0.00803805696571333,-1,-1,-1,-1,-1,-1,0.00268136388019438,0.00323506581329185,-1,-1,0.000289354666333153,0.0149968554129169
MKD,Macedonia,7.963866288,-1,-1,-1,0.02,-1,-1,-1,-1,-1,-1,-1,0.13,-1,-1,-1,-1,-1,0.00154555682512089,-1,-1,-1,-1,-1,-1,-1,0.00168843524072312,-1,-1
MDV,Maldives,-99,-1,-1,-1,-1,-1,-1,-1,-1,-1,-1,-1,-1,-1,-1,-1,-1,-1,-1,-1,-1,-1,-1,-1,-1,-1,-1,-1,-1
PYF,French Polynesia,1.008945386,0.01,-1,-1,-1,-1,-1,-1,-1,-1,-1,-1,-1,-1,-1,0.000216455285774564,-1,-1,-1,-1,-1,-1,-1,-1,-1,-1,-1,-1,-1
GUY,Guyana,4.419991674,0.05,-1,-1,-1,-1,-1,0,-1,-1,-1,-1,-1,-1,0,0.0100301878844568,-1,-1,-1,-1,-1,0.000648473070926928,-1,-1,-1,-1,-1,-1,0.00171774873683827
KGZ,Kyrgyzstan,3.71151699,-1,-1,-1,-1,0.05,-1,-1,0.03,-1,0.04,-1,-1,0,-1,-1,-1,-1,-1,0.00242889986102622,-1,-1,0.00967564634982046,-1,0.0166466105511589,-1,-1,0.000137722202785951,-1
VGB,British Virgin Islands,5.46328597,0.02,-1,-1,-1,-1,-1,-1,-1,-1,-1,-1,-1,0.06,-1,7.47504482653684e-07,-1,-1,-1,-1,-1,-1,-1,-1,-1,-1,-1,5.38787023752472e-06,-1
STP,Sao Tome and Principe,-99,-1,-1,-1,-1,-1,-1,-1,-1,-1,-1,-1,-1,-1,-1,-1,-1,-1,-1,-1,-1,-1,-1,-1,-1,-1,-1,-1,-1
HND,Honduras,13.54710838,0.29,0.09,0.13,-1,-1,-1,-1,-1,-1,-1,-1,-1,-1,0.2,0.00201233404103053,0.00633068847540923,0.0721064573591509,-1,-1,-1,-1,-1,-1,-1,-1,-1,-1,0.00847959386369057
KIR,Kiribati,17,0.21,-1,-1,-1,-1,-1,-1,-1,-1,-1,-1,-1,-1,-1,5.14229072153559e-05,-1,-1,-1,-1,-1,-1,-1,-1,-1,-1,-1,-1,-1
MRT,Mauritania,0.431177509,-1,-1,-1,-1,-1,-1,0,-1,0,-1,-1,-1,0.01,-1,-1,-1,-1,-1,-1,-1,0.0180607214734859,-1,0.0050923186055126,-1,-1,-1,0.0237579776013317,-1
BRN,Brunei Darussalam,17,0.44,-1,-1,-1,-1,-1,-1,-1,-1,-1,-1,-1,-1,0.54,0.00028761037505588,-1,-1,-1,-1,-1,-1,-1,-1,-1,-1,-1,-1,0.000343505757515563
JPN,Japan,15.43182594,0.28,-1,-1,0.15,0.26,-1,-1,-1,-1,-1,-1,-1,-1,-1,0.00020289370990147,-1,-1,0.0243501350492842,0.0139476760733503,-1,-1,-1,-1,-1,-1,-1,-1,-1
MYS,Malaysia,17,0.18,-1,-1,-1,-1,-1,-1,-1,-1,0.34,-1,-1,-1,0.25,0.0162192304830441,-1,-1,-1,-1,-1,-1,-1,-1,0.000887079449124817,-1,-1,-1,0.0235881560072611
MMR,Myanmar,4.396016042,0.06,0,0,0.4,0,-1,-1,-1,-1,0.93,-1,-1,-1,0.04,0.0305142030292401,0.0116338986317102,0.000362404372186621,0.000849456452512758,0.00112056021315586,-1,-1,-1,-1,0.00107728971877395,-1,-1,-1,0.049495731953335
BLZ,Belize,16.94314413,0.4,-1,0.29,-1,-1,-1,-1,-1,-1,-1,-1,-1,-1,0.17,0.000850077689791812,-1,0.00397723132782214,-1,-1,-1,-1,-1,-1,-1,-1,-1,-1,0.00704379258509802
MCO,Monaco,17,-1,-1,-1,-1,-1,-1,-1,-1,-1,-1,-1,0.19,-1,-1,-1,-1,-1,-1,-1,-1,-1,-1,-1,-1,-1,7.38173425031552e-07,-1,-1
MTQ,Martinique,17,0.56,0.48,-1,-1,-1,-1,-1,-1,-1,-1,-1,-1,0.67,0.56,3.73793005034144e-05,2.86833989735822e-05,-1,-1,-1,-1,-1,-1,-1,-1,-1,-1,9.37924284611448e-06,0.000115555842711534
OMN,Oman,9.178547121,-1,-1,-1,-1,-1,-1,-1,0,-1,-1,-1,-1,0.11,-1,-1,-1,-1,-1,-1,-1,-1,0.00252517403136676,-1,-1,-1,-1,0.0103305881702948,-1
PCN,Pitcairn,-99,-1,-1,-1,-1,-1,-1,-1,-1,-1,-1,-1,-1,-1,-1,-1,-1,-1,-1,-1,-1,-1,-1,-1,-1,-1,-1,-1,-1
SVK,Slovakia,15.48786689,-1,-1,-1,0.13,0.42,-1,-1,-1,-1,-1,-1,-1,-1,-1,-1,-1,-1,0.00245513542822065,0.00427848309865201,-1,-1,-1,-1,-1,-1,-1,-1,-1
CIV,Cote d'Ivoire,17,0.27,-1,-1,-1,-1,-1,0.19,-1,-1,-1,-1,-1,-1,0.19,0.00762026043833743,-1,-1,-1,-1,-1,0.00830987539647798,-1,-1,-1,-1,-1,-1,0.00141295404916278
ERI,Eritrea,4.343268472,-1,-1,-1,-1,-1,-1,0.08,-1,-1,0.03,-1,-1,0.01,-1,-1,-1,-1,-1,-1,-1,0.00269777238788142,-1,-1,0.00469162755963841,-1,-1,0.00156714248683419,-1
GEO,Georgia,7.52092929,-1,-1,-1,0.08,-1,-1,-1,0.03,-1,-1,-1,-1,0.07,-1,-1,-1,-1,0.00447935655741404,-1,-1,-1,0.000536592131956109,-1,-1,-1,-1,0.000252678812086533,-1
JAM,Jamaica,16.26455461,0.13,0.19,-1,-1,-1,-1,-1,-1,-1,-1,-1,-1,-1,0.38,0.000424831714308177,0.000749331055898139,-1,-1,-1,-1,-1,-1,-1,-1,-1,-1,-1,0.00125602025182816
SHN,Saint Helena,14.64840115,-1,-1,-1,-1,-1,-1,0.15,-1,-1,-1,-1,-1,-1,-1,-1,-1,-1,-1,-1,-1,1.28859566967365e-05,-1,-1,-1,-1,-1,-1,-1
QAT,Qatar,2.15911903,-1,-1,-1,-1,-1,-1,-1,-1,-1,-1,-1,-1,0.02,-1,-1,-1,-1,-1,-1,-1,-1,-1,-1,-1,-1,-1,0.000404637423095345,-1
SMR,San Marino,-99,-1,-1,-1,-1,-1,-1,-1,-1,-1,-1,-1,-1,-1,-1,-1,-1,-1,-1,-1,-1,-1,-1,-1,-1,-1,-1,-1,-1
SYC,Seychelles,12.30832228,0.11,-1,-1,-1,-1,-1,-1,-1,-1,-1,-1,-1,0.9,-1,1.81846898275015e-05,-1,-1,-1,-1,-1,-1,-1,-1,-1,-1,-1,5.91464130216523e-06,-1
GIB,Gibraltar,5.124450952,-1,-1,-1,-1,-1,-1,-1,-1,-1,-1,-1,0.05,-1,-1,-1,-1,-1,-1,-1,-1,-1,-1,-1,-1,-1,2.11837163569979e-06,-1,-1
LBR,Liberia,1.05237139,0.02,-1,-1,-1,-1,-1,0,-1,-1,-1,-1,-1,-1,0,0.00484844095153077,-1,-1,-1,-1,-1,6.99630266246891e-06,-1,-1,-1,-1,-1,-1,0.00336434388791936
MDA,Moldova,1.214590517,-1,-1,-1,0.02,-1,-1,-1,0,-1,-1,-1,-1,-1,-1,-1,-1,-1,0.0020667827144526,-1,-1,-1,0.00075266170787404,-1,-1,-1,-1,-1,-1
MOZ,Mozambique,16.22556937,0.09,-1,-1,-1,-1,-1,0.18,-1,0.18,0.04,-1,-1,-1,0.18,0.00740330273987037,-1,-1,-1,-1,-1,0.0287084575749488,-1,0.026971867099744,0.000484019152932415,-1,-1,-1,0.0227827568027901
TON,Tonga,16.52389732,0.17,-1,-1,-1,-1,-1,-1,-1,-1,-1,-1,-1,-1,-1,3.59281125234569e-05,-1,-1,-1,-1,-1,-1,-1,-1,-1,-1,-1,-1,-1
ARE,United Arab Emirates,16.0829487,-1,-1,-1,-1,-1,-1,-1,0,-1,-1,-1,-1,0.16,-1,-1,-1,-1,-1,-1,-1,-1,9.34031747026382e-06,-1,-1,-1,-1,0.00284092713333823,-1
BGD,Bangladesh,5.185300335,0.01,-1,-1,-1,-1,-1,0,-1,-1,-1,-1,-1,-1,0.06,0.00621835832823995,-1,-1,-1,-1,-1,6.28923717570311e-06,-1,-1,-1,-1,-1,-1,0.0461904169481903
COG,Congo,9.407968503,0.11,-1,-1,-1,-1,-1,0.06,-1,-1,-1,-1,-1,-1,-1,0.0118391298792641,-1,-1,-1,-1,-1,0.0053536379541517,-1,-1,-1,-1,-1,-1,-1
LBN,Lebanon,0.435337616,-1,-1,-1,-1,-1,-1,-1,-1,-1,-1,-1,0,-1,-1,-1,-1,-1,-1,-1,-1,-1,-1,-1,-1,-1,0.00323880413684421,-1,-1
ROU,Romania,8.690892056,-1,-1,-1,0.03,0.12,-1,-1,0.2,-1,-1,-1,-1,-1,-1,-1,-1,-1,0.0124170403162566,0.0130172612776962,-1,-1,0.00244394514286238,-1,-1,-1,-1,-1,-1
UKR,Ukraine,3.80709556,-1,-1,-1,0.04,0.09,-1,-1,0.01,-1,-1,-1,-1,-1,-1,-1,-1,-1,0.0251099424123796,0.00821709972868452,-1,-1,0.0239436929948749,-1,-1,-1,-1,-1,-1
BFA,Burkina Faso,14.23755472,-1,-1,-1,-1,-1,-1,0.14,-1,-1,-1,-1,-1,-1,-1,-1,-1,-1,-1,-1,-1,0.0132570931641583,-1,-1,-1,-1,-1,-1,-1
ATG,Antigua and Barbuda,10.30948611,0.32,0.14,-1,-1,-1,-1,-1,-1,-1,-1,-1,-1,0.04,0,1.37832285315488e-06,2.44922022835201e-05,-1,-1,-1,-1,-1,-1,-1,-1,-1,-1,1.20238267042384e-05,2.33696089233415e-06
IMN,Isle of Man,-99,-1,-1,-1,-1,-1,-1,-1,-1,-1,-1,-1,-1,-1,-1,-1,-1,-1,-1,-1,-1,-1,-1,-1,-1,-1,-1,-1,-1
MNG,Mongolia,10.09940895,-1,-1,-1,-1,0.1,0.43,-1,0.05,-1,0.3,-1,-1,0.17,-1,-1,-1,-1,-1,0.0321879603335099,0.00252648990278183,-1,0.0599556294929825,-1,0.0173091426980123,-1,-1,0.0252163069955791,-1
SOM,Somalia,0.605332769,0.06,-1,-1,-1,-1,-1,0,-1,-1,-1,-1,-1,0,0,0.00154755134583451,-1,-1,-1,-1,-1,0.0233098096739255,-1,-1,-1,-1,-1,0.0043006333562339,0.00115632824952694
TKM,Turkmenistan,3.728995722,-1,-1,-1,-1,-1,-1,-1,0,-1,0.06,-1,-1,0.03,-1,-1,-1,-1,-1,-1,-1,-1,0.000361028610637655,-1,0.00707687425536711,-1,-1,0.0157888948157567,-1
UZB,Uzbekistan,3.950162263,-1,-1,-1,-1,-1,-1,-1,0.08,-1,0.55,-1,-1,0,-1,-1,-1,-1,-1,-1,-1,-1,0.0107860443944973,-1,0.000149526842748814,-1,-1,0.0111818523564608,-1
BDI,Burundi,5.185123653,0.07,-1,-1,-1,-1,-1,0.04,-1,-1,-1,-1,-1,-1,-1,0.000351408124715494,-1,-1,-1,-1,-1,0.000881239125108558,-1,-1,-1,-1,-1,-1,-1
EGY,Egypt,6.453011752,-1,-1,-1,-1,-1,-1,-1,-1,0.04,-1,-1,0.09,0.12,-1,-1,-1,-1,-1,-1,-1,-1,-1,0.0666071356608069,-1,-1,0.00117169213221794,0.0325637741763945,-1
BHR,Bahrain,1.271795794,-1,-1,-1,-1,-1,-1,-1,-1,-1,-1,-1,-1,0.01,-1,-1,-1,-1,-1,-1,-1,-1,-1,-1,-1,-1,-1,2.38731359070888e-05,-1
CMR,Cameroon,11.0680583,0.11,-1,-1,-1,-1,-1,0.07,-1,0,-1,-1,-1,-1,0.21,0.0124681862385172,-1,-1,-1,-1,-1,0.0104248137995567,-1,0.000495244551900011,-1,-1,-1,-1,0.00704940129123963
GLP,Guadeloupe,17,0.98,-1,-1,-1,-1,-1,-1,-1,-1,-1,-1,-1,0.5,0.46,3.55648059821262e-05,-1,-1,-1,-1,-1,-1,-1,-1,-1,-1,-1,2.68635362075124e-05,0.000578521542311708
IND,India,6.175787982,0.03,0.05,0.03,0.08,0.08,-1,0.06,-1,0.79,0.12,-1,-1,0.02,0.15,0.039191766520718,0.319971919577611,0.0752375726870574,0.00781495410392839,0.00715650948791084,-1,0.0169950154866865,-1,0.021890406763142,0.0380069355828333,-1,-1,0.026571137855822,0.0396582263429105
FRA,France,14.72558403,-1,-1,-1,0.13,0.48,-1,-1,-1,-1,-1,-1,0.28,-1,-1,-1,-1,-1,0.0361938202544637,0.00440218078078438,-1,-1,-1,-1,-1,-1,0.0208550058698899,-1,-1
GTM,Guatemala,9.148770386,0.44,0.03,0.08,-1,-1,-1,-1,-1,-1,-1,-1,-1,0.19,0.23,0.00350145366972541,0.0024970269959643,0.041521574019105,-1,-1,-1,-1,-1,-1,-1,-1,-1,8.37523078638724e-05,0.00414013242320162
GIN,Guinea,4.120670693,0.07,-1,-1,-1,-1,-1,0.07,-1,-1,-1,-1,-1,-1,0,0.00244072646517155,-1,-1,-1,-1,-1,0.00937594594892859,-1,-1,-1,-1,-1,-1,0.0078072089744797
BTN,Bhutan,16.34275,0.2,-1,0.29,0.15,0.44,-1,0.17,-1,-1,0.45,-1,-1,-1,-1,0.000223433522918355,-1,0.000944142490756328,0.001263092665978,0.00224124739339627,-1,5.147571057316000000E-06,-1,-1,0.00154322032202351,-1,-1,-1,-1
GHA,Ghana,10.03266419,0.21,-1,-1,-1,-1,-1,0.12,-1,-1,-1,-1,-1,-1,0,0.0040584382658292,-1,-1,-1,-1,-1,0.00761783673022672,-1,-1,-1,-1,-1,-1,0.00394171069661367
GRC,Greece,16.33880892,-1,-1,-1,0.15,-1,-1,-1,-1,-1,-1,-1,0.16,-1,-1,-1,-1,-1,0.000973781103673384,-1,-1,-1,-1,-1,-1,-1,0.0372754069747817,-1,-1
ARM,Armenia,12.5706411,-1,-1,-1,0.11,-1,-1,-1,0.14,-1,-1,-1,-1,0,-1,-1,-1,-1,0.00119555503137438,-1,-1,-1,0.00141681608782458,-1,-1,-1,-1,5.32850567762633e-08,-1
TCD,Chad,8.708221067,-1,-1,-1,-1,-1,-1,0.14,-1,0,-1,-1,-1,0.04,-1,-1,-1,-1,-1,-1,-1,0.0356922872952285,-1,0.00903414349865521,-1,-1,-1,0.018554209380676,-1
EST,Estonia,17,-1,-1,-1,0.18,-1,-1,-1,-1,-1,-1,-1,-1,-1,-1,-1,-1,-1,0.00353157295616069,-1,-1,-1,-1,-1,-1,-1,-1,-1,-1
LSO,Lesotho,0.220582886,-1,-1,-1,-1,-1,-1,-1,-1,-1,0,-1,-1,-1,-1,-1,-1,-1,-1,-1,-1,-1,-1,-1,0.00625267939319658,-1,-1,-1,-1
LBY,Libya,0.345593876,-1,-1,-1,-1,-1,-1,-1,-1,0,-1,-1,0.01,0,-1,-1,-1,-1,-1,-1,-1,-1,-1,0.00190997132323893,-1,-1,0.0198370057869602,0.0556716326013874,-1
LIE,Liechtenstein,15.45191323,-1,-1,-1,0.04,0.59,-1,-1,-1,-1,-1,-1,-1,-1,-1,-1,-1,-1,3.69876820359501e-06,2.75933658194246e-05,-1,-1,-1,-1,-1,-1,-1,-1,-1
NPL,Nepal,7.246920869,0.07,-1,0.03,0.08,0.17,-1,0.09,-1,-1,0.38,-1,-1,-1,-1,0.0014394566945423,-1,0.0320757936274997,0.00157299559861098,0.00417901171292353,-1,0.00108705370413826,-1,-1,0.00614506200851527,-1,-1,-1,-1
TLS,Timor-Leste,8.65171757,-1,0.09,-1,-1,-1,-1,-1,-1,-1,-1,-1,-1,-1,-1,-1,0.00496704773322485,-1,-1,-1,-1,-1,-1,-1,-1,-1,-1,-1,-1
TKL,Tokelau,7.978363759,0.08,-1,-1,-1,-1,-1,-1,-1,-1,-1,-1,-1,-1,-1,7.5361903874901e-07,-1,-1,-1,-1,-1,-1,-1,-1,-1,-1,-1,-1,-1
YEM,Yemen,0.558893633,-1,-1,-1,-1,-1,-1,-1,-1,-1,-1,-1,-1,0.01,-1,-1,-1,-1,-1,-1,-1,-1,-1,-1,-1,-1,-1,0.0149301546288396,-1
FJI,Fiji,3.106574651,0.03,0.03,-1,-1,-1,-1,-1,-1,-1,-1,-1,-1,-1,-1,0.000601553085936284,0.0023896834027579,-1,-1,-1,-1,-1,-1,-1,-1,-1,-1,-1,-1
GAB,Gabon,14.42254421,0.17,-1,-1,-1,-1,-1,0.06,-1,-1,-1,-1,-1,-1,0.14,0.0109171862830449,-1,-1,-1,-1,-1,0.00225064748706475,-1,-1,-1,-1,-1,-1,0.0142764391039542
IRQ,Iraq,0,-1,-1,-1,0,-1,-1,-1,0,0,-1,-1,0,0,-1,-1,-1,-1,0.00238477299595944,-1,-1,-1,0.00374783999961736,0.0259197901133057,-1,-1,0.000366847379688579,0.0120824334719535,-1
LUX,Luxembourg,17,-1,-1,-1,0.19,-1,-1,-1,-1,-1,-1,-1,-1,-1,-1,-1,-1,-1,0.00020233822735354,-1,-1,-1,-1,-1,-1,-1,-1,-1,-1
PAN,Panama,13.0084037,0.21,0.01,-1,-1,-1,-1,-1,-1,-1,-1,-1,-1,-1,0.14,0.00338626664290897,0.00168993549381109,-1,-1,-1,-1,-1,-1,-1,-1,-1,-1,-1,0.0116342711190812
SPM,Saint Pierre and Miquelon,17,-1,-1,-1,-1,-1,0.2,-1,-1,-1,-1,-1,-1,-1,-1,-1,-1,-1,-1,-1,1.49849500751336e-05,-1,-1,-1,-1,-1,-1,-1,-1
SLE,Sierra Leone,5.588286449,0.06,-1,-1,-1,-1,-1,0.08,-1,-1,-1,-1,-1,-1,0.05,0.00239727795819718,-1,-1,-1,-1,-1,0.000901292154693875,-1,-1,-1,-1,-1,-1,0.0192580424103415
KOR,South Korea,6.171793444,-1,-1,-1,0.06,-1,-1,-1,-1,-1,-1,-1,-1,-1,-1,-1,-1,-1,0.00781518898351262,-1,-1,-1,-1,-1,-1,-1,-1,-1,-1
NIU,Niue,10.37912211,0.1,-1,-1,-1,-1,-1,-1,-1,-1,-1,-1,-1,-1,-1,1.36283264438006e-05,-1,-1,-1,-1,-1,-1,-1,-1,-1,-1,-1,-1,-1
CHE,Switzerland,17,-1,-1,-1,0.17,0.32,-1,-1,-1,-1,-1,-1,-1,-1,-1,-1,-1,-1,0.00138241383576279,0.00575163334730508,-1,-1,-1,-1,-1,-1,-1,-1,-1
TUN,Tunisia,3.197953009,-1,-1,-1,-1,0.01,-1,-1,-1,0.09,-1,-1,0.01,0,-1,-1,-1,-1,-1,0.000646350360698593,-1,-1,-1,0.0098251483483662,-1,-1,0.024561520410717,0.00223858248062225,-1
DZA,Algeria,3.303474746,-1,-1,-1,-1,0.03,-1,-1,-1,0,-1,-1,0.01,0.07,-1,-1,-1,-1,-1,0.00230688205108957,-1,-1,-1,0.0130850794194922,-1,-1,0.0909537935413107,0.0717955334300392,-1
DOM,Dominican Republic,16.49473544,0.1,0.29,0.49,-1,-1,-1,-1,-1,0.91,-1,-1,-1,-1,0.4,0.00145360985371762,0.00326619594179954,0.011754819181518,-1,-1,-1,-1,-1,0.000382963492678065,-1,-1,-1,-1,0.00322638071429897
GNQ,Equatorial Guinea,17,0.17,-1,-1,-1,-1,-1,-1,-1,-1,-1,-1,-1,-1,0.7,0.00133739965784789,-1,-1,-1,-1,-1,-1,-1,-1,-1,-1,-1,-1,0.00257623819405161
UGA,Uganda,15.06165671,0.28,-1,-1,-1,-1,-1,0.15,-1,-1,0.79,-1,-1,-1,-1,0.0012373069222991,-1,-1,-1,-1,-1,0.00886089047499294,-1,-1,0.000325461295246644,-1,-1,-1,-1
TTO,Trinidad and Tobago,15.64837796,0.32,0.05,-1,-1,-1,-1,-1,-1,-1,-1,-1,-1,-1,0.38,0.000241374140048385,9.00065278136545e-05,-1,-1,-1,-1,-1,-1,-1,-1,-1,-1,-1,0.000492301432213356
TGO,Togo,11.28969964,0.15,-1,-1,-1,-1,-1,0.11,-1,-1,-1,-1,-1,-1,-1,0.000322307933165152,-1,-1,-1,-1,-1,0.00244822863867597,-1,-1,-1,-1,-1,-1,-1
GBR,United Kingdom,17,-1,-1,-1,0.29,0.41,-1,-1,-1,-1,-1,-1,-1,-1,-1,-1,-1,-1,0.0151809230071293,0.00528804966315559,-1,-1,-1,-1,-1,-1,-1,-1,-1
BEL,Belgium,14.67708087,-1,-1,-1,0.15,-1,-1,-1,-1,-1,-1,-1,-1,-1,-1,-1,-1,-1,0.00238605429920634,-1,-1,-1,-1,-1,-1,-1,-1,-1,-1
BWA,Botswana,17,-1,-1,-1,-1,-1,-1,0.31,-1,0.59,-1,-1,-1,0.24,-1,-1,-1,-1,-1,-1,-1,0.0149258310322229,-1,0.0427111373992959,-1,-1,-1,0.00796075315106199,-1
ISR,Israel,6.879786228,-1,-1,-1,-1,-1,-1,-1,0,-1,-1,-1,0.05,0.27,-1,-1,-1,-1,-1,-1,-1,-1,9.99659454559075e-06,-1,-1,-1,0.00276451530498539,0.000481134380409708,-1
KAZ,Kazakhstan,3.327824712,-1,-1,-1,-1,0.14,-1,-1,0.03,-1,0.23,-1,-1,0.02,-1,-1,-1,-1,-1,0.0036286973016462,-1,-1,0.10845916166034,-1,0.00837684876983072,-1,-1,0.0544873217904208,-1
MLI,Mali,3.386785144,-1,-1,-1,-1,-1,-1,0.04,-1,0.04,-1,-1,-1,0,-1,-1,-1,-1,-1,-1,-1,0.032832140724122,-1,0.0420240421749739,-1,-1,-1,0.0188313210005747,-1
TWN,Taiwan,11.50033283,0.12,-1,-1,-1,-1,-1,-1,-1,-1,-1,-1,-1,-1,-1,0.00185397722908839,-1,-1,-1,-1,-1,-1,-1,-1,-1,-1,-1,-1,-1
THA,Thailand,8.777780361,0.27,0.08,-1,-1,-1,-1,-1,-1,-1,-1,-1,-1,-1,0.06,0.0141012970391546,0.0752798237418861,-1,-1,-1,-1,-1,-1,-1,-1,-1,-1,-1,0.034454584258094
HKG,Hong Kong,17,0.38,-1,-1,-1,-1,-1,-1,-1,-1,-1,-1,-1,-1,-1,6.23440139479506e-05,-1,-1,-1,-1,-1,-1,-1,-1,-1,-1,-1,-1,-1
FSM,Micronesia,1.649698036,0.04,0,-1,-1,-1,-1,-1,-1,-1,-1,-1,-1,-1,-1,2.80031382775723e-05,3.56863692915471e-05,-1,-1,-1,-1,-1,-1,-1,-1,-1,-1,-1,-1